{
  "ticketCount": 14,
  "tickets": {
    "1": {
      "userId": "1330184082637979762",
      "userName": "c_1.1",
      "createdAt": "2025-11-24T03:46:31.267Z",
      "status": "مستلم",
      "admin": "c_1.1",
      "statusMessageId": "1442360713317322843"
    },
    "2": {
      "userId": "1330184082637979762",
      "userName": "c_1.1",
      "createdAt": "2025-11-24T03:48:29.157Z",
      "status": "غير مستلم",
      "admin": null,
      "statusMessageId": "1442361207649730722"
    },
    "3": {
      "userId": "1330184082637979762",
      "userName": "c_1.1",
      "createdAt": "2025-11-24T03:53:37.650Z",
      "status": "غير مستلم",
      "admin": null,
      "statusMessageId": "1442362501751902291"
    },
    "4": {
      "userId": "382587295666143254",
      "userName": "5h9a",
      "createdAt": "2025-11-24T03:56:10.122Z",
      "status": "غير مستلم",
      "admin": null,
      "statusMessageId": "1442363142037311611"
    },
    "5": {
      "userId": "1330184082637979762",
      "userName": "c_1.1",
      "createdAt": "2025-11-24T03:58:13.413Z",
      "status": "غير مستلم",
      "admin": null,
      "statusMessageId": "1442363658704388146"
    },
    "6": {
      "userId": "1330184082637979762",
      "userName": "c_1.1",
      "createdAt": "2025-11-24T04:04:07.037Z",
      "status": "غير مستلم",
      "admin": null,
      "statusMessageId": "1442365141860487281"
    },
    "7": {
      "userId": "1330184082637979762",
      "userName": "c_1.1",
      "createdAt": "2025-11-24T04:05:50.787Z",
      "status": "غير مستلم",
      "admin": null,
      "statusMessageId": "1442365577006944299"
    },
    "8": {
      "userId": "382587295666143254",
      "userName": "5h9a",
      "createdAt": "2025-11-24T04:29:09.093Z",
      "status": "غير مستلم",
      "admin": null,
      "statusMessageId": "1442371442225451198"
    },
    "9": {
      "userId": "1330184082637979762",
      "userName": "c_1.1",
      "createdAt": "2025-11-24T04:46:29.732Z",
      "status": "غير مستلم",
      "priority": "high",
      "admin": null,
      "statusMessageId": "1442375806256025841"
    },
    "10": {
      "userId": "1330184082637979762",
      "userName": "c_1.1",
      "createdAt": "2025-11-24T05:01:50.912Z",
      "status": "غير مستلم",
      "admin": null,
      "statusMessageId": "1442379670237610077"
    },
    "11": {
      "userId": "1330184082637979762",
      "userName": "c_1.1",
      "createdAt": "2025-11-24T17:58:19.146Z",
      "status": "غير مستلم",
      "admin": null,
      "statusMessageId": "1442575076049551451"
    },
    "12": {
      "userId": "1330184082637979762",
      "userName": "c_1.1",
      "createdAt": "2025-11-24T18:48:11.181Z",
      "status": "غير مستلم",
      "admin": null,
      "statusMessageId": "1442587625163587584"
    },
    "13": {
      "userId": "1330184082637979762",
      "userName": "c_1.1",
      "createdAt": "2025-11-24T18:53:10.430Z",
      "status": "غير مستلم",
      "admin": null,
      "statusMessageId": "1442588880825221121"
    }
  }
}